{
    "name": "TF-IDF + LogReg",
    "Accuracy": 0.975,
    "Precision": 0.9740518962075848,
    "Recall": 0.976,
    "F1": 0.975024975024975,
    "AUC-ROC": 0.9974689999999999
}